{"cameraMode":{"drawMode":0,"name":"Shaded","section":"Shading Mode"},"sceneLighting":false,"audioPlay":false,"sceneViewState":{"showFog":true,"showMaterialUpdate":false,"showSkybox":true,"showFlares":true,"showImageEffects":true,"showParticleSystems":true},"in2DMode":false,"pivot":{"x":682.1644287109375,"y":-156.26980590820313,"z":1036.630615234375},"rotation":{"x":0.17171822488307954,"y":0.12523485720157624,"z":-0.02201351523399353,"w":0.9769061207771301},"size":1724.11865234375,"orthographic":false}