{"cameraMode":{"drawMode":0,"name":"Shaded","section":"Shading Mode"},"sceneLighting":false,"audioPlay":false,"sceneViewState":{"showFog":true,"showMaterialUpdate":false,"showSkybox":true,"showFlares":true,"showImageEffects":true,"showParticleSystems":true},"in2DMode":false,"pivot":{"x":548.8648681640625,"y":282.6025085449219,"z":0.0},"rotation":{"x":0.06101326644420624,"y":0.11740086227655411,"z":0.007446220610290766,"w":-0.9912645220756531},"size":565.511962890625,"orthographic":true}